{
    "point_0": {
        "x": 3353.98179714,
        "y": -968.415487265,
        "z": 444.422687714
    },
    "point_1": {
        "x": 3385.76055671,
        "y": -959.819266501,
        "z": 458.718487307
    },
    "point_2": {
        "x": 3396.81126617,
        "y": -952.508928892,
        "z": 466.03506187
    },
    "point_3": {
        "x": 3436.86120353,
        "y": -940.404078918,
        "z": 492.206536497
    },
    "point_4": {
        "x": 3369.16105392,
        "y": -965.434137239,
        "z": 502.436240225
    },
    "point_5": {
        "x": 3384.16868336,
        "y": -958.332589159,
        "z": 523.384095033
    },
    "point_6": {
        "x": 3450.51928269,
        "y": -934.749086321,
        "z": 504.492999053
    },
    "point_7": {
        "x": 3394.29951719,
        "y": -956.336674957,
        "z": 538.621223494
    },
    "point_8": {
        "x": 3460.59646431,
        "y": -932.653460414,
        "z": 551.098867469
    },
    "point_9": {
        "x": 3470.15285153,
        "y": -924.685026461,
        "z": 512.752043871
    },
    "point_10": {
        "x": 3421.58890523,
        "y": -961.679482071,
        "z": 573.191933587
    },
    "point_11": {
        "x": 3508.59451105,
        "y": -913.031653588,
        "z": 534.820091988
    },
    "point_12": {
        "x": 3430.39585478,
        "y": -968.875377494,
        "z": 585.468970666
    },
    "point_13": {
        "x": 3473.77417798,
        "y": -924.049293908,
        "z": 554.626482305
    },
    "point_14": {
        "x": 3473.45891703,
        "y": -926.966942405,
        "z": 560.345757498
    },
    "point_15": {
        "x": 3477.05145048,
        "y": -957.137573531,
        "z": 615.946717803
    },
    "point_16": {
        "x": 3526.90522389,
        "y": -904.892477399,
        "z": 542.441714363
    },
    "point_17": {
        "x": 3487.70896765,
        "y": -918.047437178,
        "z": 559.860576008
    },
    "point_18": {
        "x": 3494.18991933,
        "y": -952.053913168,
        "z": 626.743372936
    },
    "point_19": {
        "x": 3539.64659871,
        "y": -902.4628960499999,
        "z": 589.547070079
    },
    "point_20": {
        "x": 3551.38927617,
        "y": -891.822556586,
        "z": 553.990542683
    },
    "point_21": {
        "x": 3557.28154055,
        "y": -886.932787322,
        "z": 583.009668813
    },
    "point_22": {
        "x": 3551.25928792,
        "y": -892.2527308900001,
        "z": 604.437229873
    },
    "point_23": {
        "x": 3510.14624923,
        "y": -942.957261131,
        "z": 631.493231569
    },
    "point_24": {
        "x": 3563.04997627565,
        "y": -925.1454302904539,
        "z": 658.0042179157276
    },
    "point_25": {
        "x": 3583.052690269748,
        "y": -880.464978271076,
        "z": 565.4648517020324
    },
    "point_26": {
        "x": 3607.56782282,
        "y": -875.153947607,
        "z": 567.386215058
    },
    "point_27": {
        "x": 3632.01455371,
        "y": -870.417364969,
        "z": 616.986320277
    },
    "point_28": {
        "x": 3580.0499556975597,
        "y": -911.0334755084652,
        "z": 660.1403585046734
    },
    "point_29": {
        "x": 3601.05090147,
        "y": -892.738248808,
        "z": 664.325368614
    },
    "point_30": {
        "x": 3644.64047204,
        "y": -865.490863411,
        "z": 620.607085776
    },
    "point_31": {
        "x": 3658.1462495542746,
        "y": -865.554954679571,
        "z": 665.1540891480649
    },
    "point_32": {
        "x": 3630.82875133,
        "y": -866.417070028,
        "z": 574.452801519
    },
    "point_33": {
        "x": 3670.2927149,
        "y": -857.9795631090001,
        "z": 577.250384385
    },
    "point_34": {
        "x": 3645.12317594,
        "y": -864.460285515,
        "z": 615.310957501
    },
    "point_35": {
        "x": 3691.39110477,
        "y": -851.795170787,
        "z": 578.560077787
    },
    "point_36": {
        "x": 3719.32757394,
        "y": -847.718557572,
        "z": 621.775803207
    },
    "point_37": {
        "x": 3679.5084548,
        "y": -855.1150063150001,
        "z": 660.684487505
    },
    "point_38": {
        "x": 3656.04390558,
        "y": -860.327467201,
        "z": 620.544715343
    },
    "point_39": {
        "x": 3710.179397260193,
        "y": -843.5952752497348,
        "z": 578.4999694890014
    },
    "point_40": {
        "x": 3748.885453457987,
        "y": -836.2681198631806,
        "z": 581.4847468794623
    },
    "point_41": {
        "x": 3731.0,
        "y": -839.666264427,
        "z": 611.258055023
    },
    "point_42": {
        "x": 3704.20026159,
        "y": -855.117668364,
        "z": 665.67889496
    },
    "point_43": {
        "x": 3745.72819122,
        "y": -839.5279240709999,
        "z": 662.278346638
    },
    "point_44": {
        "x": 3731.00002397,
        "y": -840.293412699,
        "z": 630.725522522
    },
    "point_45": {
        "x": 3766.323605242786,
        "y": -840.2157843660237,
        "z": 665.2786871165202
    },
    "point_46": {
        "x": 3772.35270157,
        "y": -835.252871634,
        "z": 579.027568346
    },
    "point_47": {
        "x": 3742.88926856,
        "y": -840.4406524450001,
        "z": 622.242016136
    },
    "point_48": {
        "x": 3795.6773285,
        "y": -826.612977176,
        "z": 621.090693262
    },
    "point_49": {
        "x": 3792.88060428,
        "y": -830.8477353850001,
        "z": 579.619815076
    },
    "point_50": {
        "x": 3832.84851652,
        "y": -826.73678648,
        "z": 576.00486729
    },
    "point_51": {
        "x": 3812.75199825,
        "y": -824.015988364,
        "z": 612.185566467
    },
    "point_52": {
        "x": 3812.7804106,
        "y": -824.467721073,
        "z": 629.432369483
    },
    "point_53": {
        "x": 3817.81784832,
        "y": -823.8159534819999,
        "z": 629.106488349
    },
    "point_54": {
        "x": 3815.63750651,
        "y": -823.639844528,
        "z": 612.002698464
    },
    "point_55": {
        "x": 3794.31715386,
        "y": -829.4311623789999,
        "z": 659.687495069
    },
    "point_56": {
        "x": 3840.11590557,
        "y": -823.545584231,
        "z": 656.133692223
    },
    "point_57": {
        "x": 3854.27569069,
        "y": -818.5606844629999,
        "z": 578.640255101
    },
    "point_58": {
        "x": 3833.31313987,
        "y": -821.721961099,
        "z": 618.915637904
    },
    "point_59": {
        "x": 3867.7050757940888,
        "y": -819.863066119021,
        "z": 650.6555269605739
    },
    "point_60": {
        "x": 3886.6946977,
        "y": -816.938628546,
        "z": 608.944130555
    },
    "point_61": {
        "x": 3911.7677305,
        "y": -814.2970620450001,
        "z": 554.027977568
    },
    "point_62": {
        "x": 3875.22987561,
        "y": -816.651952837,
        "z": 569.849369219
    },
    "point_63": {
        "x": 3901.76941608,
        "y": -815.72999402,
        "z": 592.848057643
    },
    "point_64": {
        "x": 3940.84611962,
        "y": -813.134936562,
        "z": 537.597928646
    },
    "point_65": {
        "x": 3986.4921526,
        "y": -814.398315511,
        "z": 578.132486738
    },
    "point_66": {
        "x": 3961.3726365965313,
        "y": -816.1219889569488,
        "z": 635.0046338122594
    },
    "point_67": {
        "x": 3922.19834236,
        "y": -815.135681201,
        "z": 599.170698407
    },
    "point_68": {
        "x": 4036.30739006,
        "y": -818.02518946,
        "z": 632.023391661
    },
    "point_69": {
        "x": 3986.69539119,
        "y": -818.351321851,
        "z": 635.327462469
    },
    "point_70": {
        "x": 4005.83485471,
        "y": -814.7534920119999,
        "z": 582.104046431
    },
    "point_71": {
        "x": 3963.45714726,
        "y": -812.8181086469999,
        "z": 528.55230359
    },