{
    "frame_0": {
        "header": {
            "seq": 7123776,
            "stamp": {
                "secs": 1673004935,
                "nsecs": 231000000
            },
            "frame_id": "iiwa_link_0"
        },
        "pose": {
            "position": {
                "x": 0.331830273450207,
                "y": 0.7257415652938134,
                "z": 0.5336911364315535
            },
            "orientation": {
                "x": 0.044260061520200296,
                "y": 0.7823471122833249,
                "z": -0.06729635264103931,
                "w": 0.6176125407218933
            }
        }
    },
    "frame_1": {
        "header": {
            "seq": 7272604,
            "stamp": {
                "secs": 1673005611,
                "nsecs": 380000000
            },
            "frame_id": "iiwa_link_0"
        },
        "pose": {
            "position": {
                "x": 0.34798242858060113,
                "y": 0.7256811491321328,
                "z": 0.5293198539417857
            },
            "orientation": {
                "x": 0.08200532273927862,
                "y": 0.7745533922363791,
                "z": -0.11328955654809614,
                "w": 0.6168530583381653
            }
        }
    },
    "frame_2": {
        "header": {
            "seq": 7338667,
            "stamp": {
                "secs": 1673005912,
                "nsecs": 330000000
            },
            "frame_id": "iiwa_link_0"
        },
        "pose": {
            "position": {
                "x": 0.3539109077661816,
                "y": 0.6530161369438954,
                "z": 0.5597322945399634
            },
            "orientation": {
                "x": 0.08188006092013769,
                "y": 0.774513921598398,
                "z": -0.11322202358074415,
                "w": 0.6169316172599792
            }
        }
    },
    "frame_3": {
        "header": {
            "seq": 7338926,
            "stamp": {
                "secs": 1673005913,
                "nsecs": 519000000
            },
            "frame_id": "iiwa_link_0"
        },
        "pose": {
            "position": {
                "x": 0.35391089474766824,
                "y": 0.653016160894339,
                "z": 0.5597323359783937
            },
            "orientation": {
                "x": 0.0818799666098253,
                "y": 0.7745139389931769,
                "z": -0.11322195017878633,
                "w": 0.6169316172599792
            }
        }
    },
    "frame_4": {
        "header": {
            "seq": 7362334,
            "stamp": {
                "secs": 1673006018,
                "nsecs": 188000000
            },
            "frame_id": "iiwa_link_0"
        },
        "pose": {
            "position": {
                "x": 0.3675965717912368,
                "y": 0.6115222332286041,
                "z": 0.5948152039317323
            },
            "orientation": {
                "x": 0.08192324450735933,
                "y": 0.7743751347246461,
                "z": -0.11328982515981756,
                "w": 0.6170876622200012
            }
        }
    },
    "frame_5": {
        "header": {
            "seq": 7373981,
            "stamp": {
                "secs": 1673006070,
                "nsecs": 210000000
            },
            "frame_id": "iiwa_link_0"
        },
        "pose": {
            "position": {
                "x": 0.36864938294100286,
                "y": 0.5681309433505037,
                "z": 0.630909749751019
            },
            "orientation": {
                "x": 0.08191478110073787,
                "y": 0.7744639441195762,
                "z": -0.11341867986324773,
                "w": 0.6169536113739014
            }
        }
    },
    "frame_6": {
        "header": {
            "seq": 7392142,
            "stamp": {
                "secs": 1673006151,
                "nsecs": 763000000
            },
            "frame_id": "iiwa_link_0"
        },
        "pose": {
            "position": {
                "x": 0.3978131340339222,
                "y": 0.5088291374277067,
                "z": 0.6249237225320586
            },
            "orientation": {
                "x": 0.08194266946582798,
                "y": 0.7744419922314267,
                "z": -0.11334566133997954,
                "w": 0.616990864276886
            }
        }
    },
    "frame_7": {
        "header": {
            "seq": 7428269,
            "stamp": {
                "secs": 1673006316,
                "nsecs": 18000000
            },
            "frame_id": "iiwa_link_0"
        },
        "pose": {
            "position": {
                "x": 0.4199360907684126,
                "y": 0.4521434486621914,
                "z": 0.6228237505721287
            },
            "orientation": {
                "x": 0.065940221380237,
                "y": 0.7654479073736258,
                "z": -0.0965581637042601,
                "w": 0.6327857971191406
            }
        }
    },
    "frame_8": {
        "header": {
            "seq": 7447463,
            "stamp": {
                "secs": 1673006400,
                "nsecs": 999000000
            },
            "frame_id": "iiwa_link_0"
        },
        "pose": {
            "position": {
                "x": 0.4365585381626605,
                "y": 0.38926740283564804,
                "z": 0.6208224517916885
            },
            "orientation": {
                "x": 0.06591411676816039,
                "y": 0.7655380654426228,
                "z": -0.09675858185136685,
                "w": 0.6326488256454468
            }
        }
    },
    "frame_9": {
        "header": {
            "seq": 7475333,
            "stamp": {
                "secs": 1673006525,
                "nsecs": 955000000
            },
            "frame_id": "iiwa_link_0"
        },
        "pose": {
            "position": {
                "x": 0.4244179036355193,
                "y": 0.35006373898684207,
                "z": 0.6239608779586882
            },
            "orientation": {
                "x": 0.06598340596861983,
                "y": 0.765566532809954,
                "z": -0.09694513873585671,
                "w": 0.6325786113739014
            }
        }
    },
    "frame_10": {
        "header": {
            "seq": 7493218,
            "stamp": {
                "secs": 1673006605,
                "nsecs": 599000000
            },
            "frame_id": "iiwa_link_0"
        },
        "pose": {
            "position": {
                "x": 0.42685013353420903,
                "y": 0.3007331603849246,
                "z": 0.6245868973090272
            },
            "orientation": {
                "x": 0.0661857712579476,
                "y": 0.7656468823631354,
                "z": -0.09692579587782645,
                "w": 0.6324632167816162
            }
        }
    },
    "frame_11": {
        "header": {
            "seq": 7500877,
            "stamp": {
                "secs": 1673006639,
                "nsecs": 675000000
            },
            "frame_id": "iiwa_link_0"
        },
        "pose": {
            "position": {
                "x": 0.43009520699080017,
                "y": 0.2684057578371916,
                "z": 0.6248182569426862
            },
            "orientation": {
                "x": 0.06615215648316618,
                "y": 0.7655326217781695,
                "z": -0.09683582212469662,
                "w": 0.63261878490448
            }
        }
    },
    "frame_12": {
        "header": {
            "seq": 7514911,
            "stamp": {
                "secs": 1673006701,
                "nsecs": 334000000
            },
            "frame_id": "iiwa_link_0"
        },
        "pose": {
            "position": {
                "x": 0.4423160548726516,
                "y": 0.24165133360695343,
                "z": 0.6228011724389713
            },