{
    "point_0": {
        "x": -29.615487265000866,
        "y": -270.1817971399996,
        "z": 444.422687714
    },
    "point_1": {
        "x": -21.019266501000857,
        "y": -301.96055670999976,
        "z": 458.718487307
    },
    "point_2": {
        "x": -13.708928892000813,
        "y": -313.01126617,
        "z": 466.03506187
    },
    "point_3": {
        "x": -1.6040789180008233,
        "y": -353.0612035299996,
        "z": 492.206536497
    },
    "point_4": {
        "x": -26.634137239000893,
        "y": -285.3610539199999,
        "z": 502.436240225
    },
    "point_5": {
        "x": -19.53258915900085,
        "y": -300.36868336,
        "z": 523.384095033
    },
    "point_6": {
        "x": 4.050913678999109,
        "y": -366.71928269,
        "z": 504.492999053
    },
    "point_7": {
        "x": -17.536674957000855,
        "y": -310.49951719,
        "z": 538.621223494
    },
    "point_8": {
        "x": 6.146539585999108,
        "y": -376.7964643099999,
        "z": 551.098867469
    },
    "point_9": {
        "x": 14.114973538999152,
        "y": -386.35285152999995,
        "z": 512.752043871
    },
    "point_10": {
        "x": -22.879482071000893,
        "y": -337.7889052299997,
        "z": 573.191933587
    },
    "point_11": {
        "x": 25.76834641199912,
        "y": -424.79451105,
        "z": 534.820091988
    },
    "point_12": {
        "x": -30.075377494000804,
        "y": -346.5958547799996,
        "z": 585.468970666
    },
    "point_13": {
        "x": 14.750706091999177,
        "y": -389.9741779799997,
        "z": 554.626482305
    },
    "point_14": {
        "x": 11.833057594999104,
        "y": -389.6589170299999,
        "z": 560.345757498
    },
    "point_15": {
        "x": -18.337573531000885,
        "y": -393.2514504799997,
        "z": 615.946717803
    },
    "point_16": {
        "x": 33.90752260099919,
        "y": -443.1052238899997,
        "z": 542.441714363
    },
    "point_17": {
        "x": 20.752562821999163,
        "y": -403.9089676499998,
        "z": 559.860576008
    },
    "point_18": {
        "x": -13.25391316800085,
        "y": -410.3899193299999,
        "z": 626.743372936
    },
    "point_19": {
        "x": 36.337103949999175,
        "y": -455.84659870999985,
        "z": 589.547070079
    },
    "point_20": {
        "x": 46.97744341399914,
        "y": -467.5892761699997,
        "z": 553.990542683
    },
    "point_21": {
        "x": 51.867212677999134,
        "y": -473.48154054999986,
        "z": 583.009668813
    },
    "point_22": {
        "x": 46.54726910999915,
        "y": -467.45928791999995,
        "z": 604.437229873
    },
    "point_23": {
        "x": -4.157261131000837,
        "y": -426.34624923,
        "z": 631.493231569
    },
    "point_24": {
        "x": 13.654569709545285,
        "y": -479.24997627564926,
        "z": 658.0042179157276
    },
    "point_77": {
        "x": 57.89176696199917,
        "y": -491.5036083,
        "z": 605.641924816
    },
    "point_25": {
        "x": 58.3350217289232,
        "y": -499.25269026974775,
        "z": 565.4648517020324
    },
    "point_26": {
        "x": 63.64605239299914,
        "y": -523.7678228199998,
        "z": 567.386215058
    },
    "point_27": {
        "x": 68.38263503099915,
        "y": -548.21455371,
        "z": 616.986320277
    },
    "point_28": {
        "x": 27.76652449153397,
        "y": -496.24995569755947,
        "z": 660.1403585046734
    },
    "point_29": {
        "x": 46.06175119199918,
        "y": -517.2509014699999,
        "z": 664.325368614
    },
    "point_30": {
        "x": 73.30913658899914,
        "y": -560.8404720399999,
        "z": 620.607085776
    },
    "point_31": {
        "x": 73.24504532042812,
        "y": -574.346249554274,
        "z": 665.1540891480649
    },
    "point_32": {
        "x": 72.38292997199915,
        "y": -547.02875133,
        "z": 574.452801519
    },
    "point_33": {
        "x": 80.82043689099913,
        "y": -586.4927149,
        "z": 577.250384385
    },
    "point_34": {
        "x": 74.33971448499915,
        "y": -561.3231759399996,
        "z": 615.310957501
    },
    "point_35": {
        "x": 87.00482921299914,
        "y": -607.5911047699997,
        "z": 578.560077787
    },
    "point_36": {
        "x": 91.0814424279991,
        "y": -635.5275739399999,
        "z": 621.775803207
    },
    "point_37": {
        "x": 83.68499368499914,
        "y": -595.7084547999998,
        "z": 660.684487505
    },
    "point_38": {
        "x": 78.47253279899917,
        "y": -572.2439055799996,
        "z": 620.544715343
    },
    "point_39": {
        "x": 95.20472475026446,
        "y": -626.379397260193,
        "z": 578.4999694890014
    },
    "point_40": {
        "x": 102.53188013681847,
        "y": -665.0854534579867,
        "z": 581.4847468794623
    },
    "point_41": {
        "x": 99.13373557299911,
        "y": -647.1999999999998,
        "z": 611.258055023
    },
    "point_42": {
        "x": 83.68233163599916,
        "y": -620.4002615899999,
        "z": 665.67889496
    },
    "point_43": {
        "x": 99.27207592899913,
        "y": -661.9281912199999,
        "z": 662.278346638
    },
    "point_44": {
        "x": 98.50658730099912,
        "y": -647.2000239699996,
        "z": 630.725522522
    },
    "point_45": {
        "x": 98.58421563397536,
        "y": -682.5236052427858,
        "z": 665.2786871165202
    },
    "point_46": {
        "x": 103.54712836599913,
        "y": -688.55270157,
        "z": 579.027568346
    },
    "point_47": {
        "x": 98.35934755499909,
        "y": -659.0892685599997,
        "z": 622.242016136
    },
    "point_48": {
        "x": 112.18702282399909,
        "y": -711.8773284999997,
        "z": 621.090693262
    },
    "point_49": {
        "x": 107.95226461499908,
        "y": -709.08060428,
        "z": 579.619815076
    },
    "point_50": {
        "x": 112.06321351999912,
        "y": -749.0485165199998,
        "z": 576.00486729
    },
    "point_51": {
        "x": 114.7840116359991,
        "y": -728.9519982499996,
        "z": 612.185566467
    },
    "point_52": {
        "x": 114.3322789269991,
        "y": -728.9804105999997,
        "z": 629.432369483
    },
    "point_53": {
        "x": 114.9840465179991,
        "y": -734.0178483199998,
        "z": 629.106488349
    },
    "point_54": {
        "x": 115.16015547199908,
        "y": -731.8375065099999,
        "z": 612.002698464
    },
    "point_55": {
        "x": 109.3688376209991,
        "y": -710.5171538599998,
        "z": 659.687495069
    },
    "point_56": {
        "x": 115.25441576899908,
        "y": -756.3159055699998,
        "z": 656.133692223
    },
    "point_57": {
        "x": 120.23931553699913,
        "y": -770.4756906899997,
        "z": 578.640255101
    },
    "point_58": {
        "x": 117.0780389009991,
        "y": -749.51313987,
        "z": 618.915637904
    },
    "point_59": {
        "x": 118.93693388097807,
        "y": -783.9050757940881,
        "z": 650.6555269605739
    },
    "point_60": {
        "x": 121.86137145399908,
        "y": -802.8946976999996,
        "z": 608.944130555
    },
    "point_61": {
        "x": 124.50293795499908,
        "y": -827.9677305,
        "z": 554.027977568
    },
    "point_62": {
        "x": 122.14804716299909,
        "y": -791.4298756099997,
        "z": 569.849369219
    },
    "point_63": {
        "x": 123.07000597999911,
        "y": -817.96941608,
        "z": 592.848057643
    },
    "point_64": {
        "x": 125.6650634379991,
        "y": -857.0461196199999,
        "z": 537.597928646
    },
    "point_65": {
        "x": 124.40168448899902,
        "y": -902.6921525999996,
        "z": 578.132486738
    },
    "point_66": {
        "x": 122.67801104305028,
        "y": -877.5726365965311,
        "z": 635.0046338122594
    },
    "point_67": {
        "x": 123.66431879899909,