{
    "point_0": {
        "x": -131.31820286000038,
        "y": -433.01548726499993,
        "z": 282.922687714
    },
    "point_1": {
        "x": -99.53944329000024,
        "y": -424.4192665009999,
        "z": 297.218487307
    },
    "point_2": {
        "x": -88.48873383,
        "y": -417.1089288919999,
        "z": 304.53506187
    },
    "point_3": {
        "x": -48.4387964700004,
        "y": -405.0040789179999,
        "z": 330.706536497
    },
    "point_4": {
        "x": -116.1389460800001,
        "y": -430.03413723899996,
        "z": 340.936240225
    },
    "point_5": {
        "x": -101.13131664000002,
        "y": -422.9325891589999,
        "z": 361.884095033
    },
    "point_6": {
        "x": -34.78071731,
        "y": -399.34908632099996,
        "z": 342.992999053
    },
    "point_7": {
        "x": -91.00048281,
        "y": -420.9366749569999,
        "z": 377.121223494
    },
    "point_8": {
        "x": -24.70353569000008,
        "y": -397.25346041399996,
        "z": 389.59886746899997
    },
    "point_9": {
        "x": -15.147148470000047,
        "y": -389.2850264609999,
        "z": 351.25204387099996
    },
    "point_10": {
        "x": -63.71109477000027,
        "y": -426.27948207099996,
        "z": 411.691933587
    },
    "point_11": {
        "x": 23.294511049999983,
        "y": -377.63165358799995,
        "z": 373.32009198799994
    },
    "point_12": {
        "x": -54.90414522000037,
        "y": -433.4753774939999,
        "z": 423.968970666
    },
    "point_13": {
        "x": -11.525822020000305,
        "y": -388.6492939079999,
        "z": 393.12648230499997
    },
    "point_14": {
        "x": -11.841082970000116,
        "y": -391.56694240499996,
        "z": 398.845757498
    },
    "point_15": {
        "x": -8.248549520000324,
        "y": -421.73757353099995,
        "z": 454.44671780299996
    },
    "point_16": {
        "x": 41.605223889999706,
        "y": -369.4924773989999,
        "z": 380.94171436299996
    },
    "point_17": {
        "x": 2.408967649999795,
        "y": -382.6474371779999,
        "z": 398.36057600799995
    },
    "point_18": {
        "x": 8.889919329999884,
        "y": -416.6539131679999,
        "z": 465.243372936
    },
    "point_19": {
        "x": 54.34659870999985,
        "y": -367.0628960499999,
        "z": 428.04707007900004
    },
    "point_20": {
        "x": 66.08927616999972,
        "y": -356.4225565859999,
        "z": 392.49054268299994
    },
    "point_21": {
        "x": 71.98154054999986,
        "y": -351.53278732199993,
        "z": 421.50966881299996
    },
    "point_22": {
        "x": 65.95928791999995,
        "y": -356.8527308899999,
        "z": 442.937229873
    },
    "point_23": {
        "x": 24.846249230000012,
        "y": -407.5572611309999,
        "z": 469.99323156900005
    },
    "point_24": {
        "x": 77.74997627564926,
        "y": -389.7454302904538,
        "z": 496.50421791572745
    },
    "point_25": {
        "x": 97.75269026974775,
        "y": -345.0649782710758,
        "z": 403.96485170203243
    },
    "point_26": {
        "x": 122.26782281999976,
        "y": -339.75394760699993,
        "z": 405.88621505799995
    },
    "point_27": {
        "x": 146.71455371000002,
        "y": -335.0173649689999,
        "z": 455.486320277
    },
    "point_28": {
        "x": 94.74995569755947,
        "y": -375.6334755084651,
        "z": 498.6403585046734
    },
    "point_29": {
        "x": 115.75090146999992,
        "y": -357.3382488079999,
        "z": 502.825368614
    },
    "point_30": {
        "x": 159.3404720399999,
        "y": -330.09086341099993,
        "z": 459.10708577599996
    },
    "point_31": {
        "x": 172.84624955427398,
        "y": -330.15495467957095,
        "z": 503.65408914806494
    },
    "point_32": {
        "x": 145.52875132999998,
        "y": -331.0170700279999,
        "z": 412.952801519
    },
    "point_33": {
        "x": 184.9927149,
        "y": -322.57956310899993,
        "z": 415.75038438499996
    },
    "point_34": {
        "x": 159.8231759399996,
        "y": -329.0602855149999,
        "z": 453.81095750099996
    },
    "point_35": {
        "x": 206.09110476999967,
        "y": -316.3951707869999,
        "z": 417.06007778699995
    },
    "point_36": {
        "x": 234.0275739399999,
        "y": -312.3185575719999,
        "z": 460.27580320699997
    },
    "point_37": {
        "x": 194.2084547999998,
        "y": -319.7150063149999,
        "z": 499.184487505
    },
    "point_38": {
        "x": 170.7439055799996,
        "y": -324.9274672009999,
        "z": 459.044715343
    },
    "point_39": {
        "x": 224.87939726019295,
        "y": -308.19527524973466,
        "z": 416.9999694890014
    },
    "point_40": {
        "x": 263.58545345798666,
        "y": -300.86811986318054,
        "z": 419.98474687946225
    },
    "point_41": {
        "x": 245.69999999999982,
        "y": -304.2662644269999,
        "z": 449.758055023
    },
    "point_42": {
        "x": 218.9002615899999,
        "y": -319.7176683639999,
        "z": 504.17889496
    },
    "point_43": {
        "x": 260.4281912199999,
        "y": -304.1279240709999,
        "z": 500.778346638
    },
    "point_44": {
        "x": 245.70002396999962,
        "y": -304.8934126989999,
        "z": 469.225522522
    },
    "point_45": {
        "x": 281.02360524278583,
        "y": -304.81578436602365,
        "z": 503.77868711652025
    },
    "point_46": {
        "x": 287.05270156999995,
        "y": -299.8528716339999,
        "z": 417.52756834599995
    },
    "point_47": {
        "x": 257.5892685599997,
        "y": -305.0406524449999,
        "z": 460.74201613599996
    },
    "point_48": {
        "x": 310.37732849999975,
        "y": -291.2129771759999,
        "z": 459.59069326199995
    },
    "point_49": {
        "x": 307.58060428,
        "y": -295.44773538499993,
        "z": 418.119815076
    },
    "point_50": {
        "x": 347.5485165199998,
        "y": -291.3367864799999,
        "z": 414.50486729
    },
    "point_51": {
        "x": 327.45199824999963,
        "y": -288.6159883639999,
        "z": 450.68556646699994
    },
    "point_52": {
        "x": 327.4804105999997,
        "y": -289.0677210729999,
        "z": 467.932369483
    },
    "point_53": {
        "x": 332.51784831999976,
        "y": -288.4159534819999,
        "z": 467.60648834899996
    },
    "point_54": {
        "x": 330.3375065099999,
        "y": -288.23984452799994,
        "z": 450.502698464
    },
    "point_55": {
        "x": 309.0171538599998,
        "y": -294.0311623789999,
        "z": 498.18749506899997
    },
    "point_56": {
        "x": 354.8159055699998,
        "y": -288.14558423099993,
        "z": 494.633692223
    },
    "point_57": {
        "x": 368.97569068999974,
        "y": -283.1606844629999,
        "z": 417.140255101
    },
    "point_58": {
        "x": 348.01313987000003,
        "y": -286.3219610989999,
        "z": 457.41563790400005
    },
    "point_59": {
        "x": 382.40507579408813,
        "y": -284.46306611902094,
        "z": 489.15552696057387
    },
    "point_60": {
        "x": 401.3946976999996,
        "y": -281.5386285459999,
        "z": 447.444130555
    },
    "point_61": {
        "x": 426.4677305,
        "y": -278.8970620449999,
        "z": 392.527977568
    },
    "point_62": {
        "x": 389.9298756099997,
        "y": -281.2519528369999,
        "z": 408.349369219
    },
    "point_63": {
        "x": 416.46941608,
        "y": -280.3299940199999,
        "z": 431.34805764299995
    },
    "point_64": {
        "x": 455.5461196199999,
        "y": -277.7349365619999,
        "z": 376.097928646
    },
    "point_65": {
        "x": 501.19215259999964,
        "y": -278.99831551099993,
        "z": 416.632486738
    },
    "point_66": {
        "x": 476.0726365965311,
        "y": -280.72198895694873,