{
    "point_0": {
        "x": 322.38179713999943,
        "y": -968.415487265,
        "z": 127.32268771399998
    },
    "point_1": {
        "x": 354.1605567099996,
        "y": -959.819266501,
        "z": 141.61848730699995
    },
    "point_2": {
        "x": 365.2112661699998,
        "y": -952.508928892,
        "z": 148.93506186999997
    },
    "point_3": {
        "x": 405.2612035299994,
        "y": -940.404078918,
        "z": 175.10653649699998
    },
    "point_4": {
        "x": 337.5610539199997,
        "y": -965.434137239,
        "z": 185.33624022499998
    },
    "point_5": {
        "x": 352.5686833599998,
        "y": -958.332589159,
        "z": 206.28409503299997
    },
    "point_6": {
        "x": 418.9192826899998,
        "y": -934.749086321,
        "z": 187.39299905299998
    },
    "point_7": {
        "x": 362.6995171899998,
        "y": -956.336674957,
        "z": 221.52122349399997
    },
    "point_8": {
        "x": 428.99646430999974,
        "y": -932.653460414,
        "z": 233.99886746899995
    },
    "point_9": {
        "x": 438.55285152999977,
        "y": -924.685026461,
        "z": 195.65204387099993
    },
    "point_10": {
        "x": 389.98890522999955,
        "y": -961.679482071,
        "z": 256.09193358699997
    },
    "point_11": {
        "x": 476.9945110499998,
        "y": -913.031653588,
        "z": 217.72009198799992
    },
    "point_12": {
        "x": 398.79585477999944,
        "y": -968.875377494,
        "z": 268.368970666
    },
    "point_13": {
        "x": 442.1741779799995,
        "y": -924.049293908,
        "z": 237.52648230499994
    },
    "point_14": {
        "x": 441.8589170299997,
        "y": -926.966942405,
        "z": 243.245757498
    },
    "point_15": {
        "x": 445.4514504799995,
        "y": -957.137573531,
        "z": 298.84671780299993
    },
    "point_16": {
        "x": 495.3052238899995,
        "y": -904.892477399,
        "z": 225.34171436299994
    },
    "point_17": {
        "x": 456.1089676499996,
        "y": -918.047437178,
        "z": 242.76057600799993
    },
    "point_18": {
        "x": 462.5899193299997,
        "y": -952.053913168,
        "z": 309.643372936
    },
    "point_19": {
        "x": 508.04659870999967,
        "y": -902.4628960499999,
        "z": 272.447070079
    },
    "point_20": {
        "x": 519.7892761699995,
        "y": -891.822556586,
        "z": 236.89054268299992
    },
    "point_21": {
        "x": 525.6815405499997,
        "y": -886.932787322,
        "z": 265.90966881299994
    },
    "point_22": {
        "x": 519.6592879199998,
        "y": -892.2527308900001,
        "z": 287.33722987299996
    },
    "point_23": {
        "x": 478.54624922999983,
        "y": -942.957261131,
        "z": 314.393231569
    },
    "point_24": {
        "x": 531.4499762756491,
        "y": -925.1454302904539,
        "z": 340.9042179157276
    },
    "point_25": {
        "x": 551.4526902697476,
        "y": -880.464978271076,
        "z": 248.3648517020324
    },
    "point_26": {
        "x": 575.9678228199996,
        "y": -875.153947607,
        "z": 250.28621505799993
    },
    "point_27": {
        "x": 600.4145537099998,
        "y": -870.417364969,
        "z": 299.886320277
    },
    "point_28": {
        "x": 548.4499556975593,
        "y": -911.0334755084652,
        "z": 343.04035850467335
    },
    "point_29": {
        "x": 569.4509014699997,
        "y": -892.738248808,
        "z": 347.225368614
    },
    "point_30": {
        "x": 613.0404720399997,
        "y": -865.490863411,
        "z": 303.50708577599994
    },
    "point_31": {
        "x": 626.5462495542738,
        "y": -865.554954679571,
        "z": 348.054089148065
    },
    "point_32": {
        "x": 599.2287513299998,
        "y": -866.417070028,
        "z": 257.35280151899997
    },
    "point_33": {
        "x": 638.6927148999998,
        "y": -857.9795631090001,
        "z": 260.15038438499994
    },
    "point_34": {
        "x": 613.5231759399994,
        "y": -864.460285515,
        "z": 298.21095750099994
    },
    "point_35": {
        "x": 659.7911047699995,
        "y": -851.795170787,
        "z": 261.46007778699993
    },
    "point_36": {
        "x": 687.7275739399997,
        "y": -847.718557572,
        "z": 304.67580320699994
    },
    "point_37": {
        "x": 647.9084547999996,
        "y": -855.1150063150001,
        "z": 343.58448750499997
    },
    "point_38": {
        "x": 624.4439055799994,
        "y": -860.327467201,
        "z": 303.444715343
    },
    "point_39": {
        "x": 678.5793972601928,
        "y": -843.5952752497348,
        "z": 261.39996948900136
    },
    "point_40": {
        "x": 717.2854534579865,
        "y": -836.2681198631806,
        "z": 264.3847468794622
    },
    "point_41": {
        "x": 699.3999999999996,
        "y": -839.666264427,
        "z": 294.158055023
    },
    "point_42": {
        "x": 672.6002615899997,
        "y": -855.117668364,
        "z": 348.57889495999996
    },
    "point_43": {
        "x": 714.1281912199997,
        "y": -839.5279240709999,
        "z": 345.178346638
    },
    "point_44": {
        "x": 699.4000239699994,
        "y": -840.293412699,
        "z": 313.625522522
    },
    "point_45": {
        "x": 734.7236052427857,
        "y": -840.2157843660237,
        "z": 348.1786871165202
    },
    "point_46": {
        "x": 740.7527015699998,
        "y": -835.252871634,
        "z": 261.92756834599993
    },
    "point_47": {
        "x": 711.2892685599995,
        "y": -840.4406524450001,
        "z": 305.14201613599994
    },
    "point_48": {
        "x": 764.0773284999996,
        "y": -826.612977176,
        "z": 303.9906932619999
    },
    "point_49": {
        "x": 761.2806042799998,
        "y": -830.8477353850001,
        "z": 262.519815076
    },
    "point_50": {
        "x": 801.2485165199996,
        "y": -826.73678648,
        "z": 258.90486728999997
    },
    "point_51": {
        "x": 781.1519982499995,
        "y": -824.015988364,
        "z": 295.0855664669999
    },
    "point_52": {
        "x": 781.1804105999995,
        "y": -824.467721073,
        "z": 312.332369483
    },
    "point_53": {
        "x": 786.2178483199996,
        "y": -823.8159534819999,
        "z": 312.00648834899994
    },
    "point_54": {
        "x": 784.0375065099997,
        "y": -823.639844528,
        "z": 294.90269846399997
    },
    "point_55": {
        "x": 762.7171538599996,
        "y": -829.4311623789999,
        "z": 342.58749506899994
    },
    "point_56": {
        "x": 808.5159055699996,
        "y": -823.545584231,
        "z": 339.033692223
    },
    "point_57": {
        "x": 822.6756906899996,
        "y": -818.5606844629999,
        "z": 261.54025510099996
    },
    "point_58": {
        "x": 801.7131398699998,
        "y": -821.721961099,
        "z": 301.815637904
    },
    "point_59": {
        "x": 836.1050757940884,
        "y": -819.863066119021,
        "z": 333.55552696057384
    },
    "point_60": {
        "x": 855.0946976999994,
        "y": -816.938628546,
        "z": 291.844130555
    },
    "point_61": {
        "x": 880.1677304999998,
        "y": -814.2970620450001,
        "z": 236.92797756799996
    },
    "point_62": {
        "x": 843.6298756099995,
        "y": -816.651952837,
        "z": 252.74936921899996
    },
    "point_63": {
        "x": 870.1694160799998,
        "y": -815.72999402,
        "z": 275.7480576429999
    },
    "point_64": {
        "x": 909.2461196199997,
        "y": -813.134936562,
        "z": 220.497928646
    },
    "point_65": {
        "x": 954.8921525999995,
        "y": -814.398315511,
        "z": 261.032486738
    },
    "point_66": {
        "x": 929.7726365965309,
        "y": -816.1219889569488,
        "z": 317.90463381225936
    },
    "point_67": {
        "x": 890.5983423599996,
        "y": -815.135681201,
        "z": 282.070698407
    },