{
    "point_0": {
        "x": -29.615487264999615,
        "y": -270.18179714000235,
        "z": 282.9226877140001
    },
    "point_1": {
        "x": -21.019266500999606,
        "y": -301.9605567100025,
        "z": 297.2184873070001
    },
    "point_2": {
        "x": -13.708928891999562,
        "y": -313.0112661700027,
        "z": 304.5350618700001
    },
    "point_3": {
        "x": -1.6040789179995727,
        "y": -353.06120353000233,
        "z": 330.7065364970001
    },
    "point_4": {
        "x": -26.634137238999642,
        "y": -285.36105392000263,
        "z": 340.9362402250001
    },
    "point_5": {
        "x": -19.5325891589996,
        "y": -300.3686833600027,
        "z": 361.8840950330001
    },
    "point_6": {
        "x": 4.0509136790003595,
        "y": -366.71928269000273,
        "z": 342.9929990530001
    },
    "point_7": {
        "x": -17.536674956999605,
        "y": -310.49951719000273,
        "z": 377.1212234940001
    },
    "point_8": {
        "x": 6.146539586000358,
        "y": -376.79646431000265,
        "z": 389.5988674690001
    },
    "point_9": {
        "x": 14.114973539000403,
        "y": -386.3528515300027,
        "z": 351.25204387100007
    },
    "point_10": {
        "x": -22.879482070999643,
        "y": -337.78890523000246,
        "z": 411.6919335870001
    },
    "point_11": {
        "x": 25.768346412000255,
        "y": -424.7945110500027,
        "z": 373.32009198800006
    },
    "point_12": {
        "x": -30.075377493999554,
        "y": -346.59585478000236,
        "z": 423.96897066600013
    },
    "point_13": {
        "x": 14.750706092000428,
        "y": -389.9741779800024,
        "z": 393.1264823050001
    },
    "point_14": {
        "x": 11.833057595000355,
        "y": -389.6589170300026,
        "z": 398.8457574980001
    },
    "point_15": {
        "x": -18.337573530999634,
        "y": -393.2514504800024,
        "z": 454.44671780300007
    },
    "point_16": {
        "x": 33.90752260100038,
        "y": -443.10522389000243,
        "z": 380.9417143630001
    },
    "point_17": {
        "x": 20.752562822000414,
        "y": -403.9089676500025,
        "z": 398.36057600800007
    },
    "point_18": {
        "x": -13.253913167999599,
        "y": -410.3899193300026,
        "z": 465.2433729360001
    },
    "point_19": {
        "x": 36.33710395000037,
        "y": -455.8465987100026,
        "z": 428.04707007900015
    },
    "point_20": {
        "x": 46.97744341400028,
        "y": -467.58927617000245,
        "z": 392.49054268300006
    },
    "point_21": {
        "x": 51.86721267800027,
        "y": -473.4815405500026,
        "z": 421.5096688130001
    },
    "point_22": {
        "x": 46.547269110000286,
        "y": -467.4592879200027,
        "z": 442.9372298730001
    },
    "point_23": {
        "x": -4.1572611309997,
        "y": -426.34624923000274,
        "z": 469.99323156900016
    },
    "point_24": {
        "x": 13.654569709546422,
        "y": -479.249976275652,
        "z": 496.5042179157278
    },
    "point_25": {
        "x": 58.33502172892446,
        "y": -499.25269026975093,
        "z": 403.96485170203255
    },
    "point_26": {
        "x": 63.646052393000275,
        "y": -523.7678228200025,
        "z": 405.88621505800006
    },
    "point_27": {
        "x": 68.38263503100023,
        "y": -548.2145537100027,
        "z": 455.4863202770001
    },
    "point_28": {
        "x": 27.766524491535108,
        "y": -496.24995569756265,
        "z": 498.64035850467366
    },
    "point_29": {
        "x": 46.061751192000315,
        "y": -517.2509014700026,
        "z": 502.8253686140001
    },
    "point_30": {
        "x": 73.30913658900022,
        "y": -560.8404720400026,
        "z": 459.1070857760001
    },
    "point_31": {
        "x": 73.2450453204292,
        "y": -574.3462495542772,
        "z": 503.65408914806505
    },
    "point_32": {
        "x": 72.38292997200023,
        "y": -547.0287513300027,
        "z": 412.9528015190001
    },
    "point_33": {
        "x": 80.82043689100021,
        "y": -586.4927149000027,
        "z": 415.7503843850001
    },
    "point_34": {
        "x": 74.33971448500023,
        "y": -561.3231759400023,
        "z": 453.8109575010001
    },
    "point_35": {
        "x": 87.00482921300022,
        "y": -607.5911047700024,
        "z": 417.06007778700007
    },
    "point_36": {
        "x": 91.08144242800017,
        "y": -635.5275739400026,
        "z": 460.2758032070001
    },
    "point_37": {
        "x": 83.68499368500022,
        "y": -595.7084548000025,
        "z": 499.1844875050001
    },
    "point_38": {
        "x": 78.47253279900025,
        "y": -572.2439055800023,
        "z": 459.0447153430001
    },
    "point_39": {
        "x": 95.20472475026554,
        "y": -626.3793972601952,
        "z": 416.9999694890015
    },
    "point_40": {
        "x": 102.53188013681955,
        "y": -665.0854534579898,
        "z": 419.98474687946236
    },
    "point_41": {
        "x": 99.1337355730002,
        "y": -647.2000000000025,
        "z": 449.7580550230001
    },
    "point_42": {
        "x": 83.68233163600024,
        "y": -620.4002615900026,
        "z": 504.1788949600001
    },
    "point_43": {
        "x": 99.27207592900021,
        "y": -661.9281912200026,
        "z": 500.77834663800013
    },
    "point_44": {
        "x": 98.5065873010002,
        "y": -647.2000239700023,
        "z": 469.2255225220001
    },
    "point_45": {
        "x": 98.58421563397644,
        "y": -682.5236052427886,
        "z": 503.77868711652036
    },
    "point_46": {
        "x": 103.54712836600021,
        "y": -688.5527015700027,
        "z": 417.52756834600007
    },
    "point_47": {
        "x": 98.35934755500017,
        "y": -659.0892685600024,
        "z": 460.7420161360001
    },
    "point_48": {
        "x": 112.18702282400017,
        "y": -711.8773285000025,
        "z": 459.59069326200006
    },
    "point_49": {
        "x": 107.95226461500016,
        "y": -709.0806042800027,
        "z": 418.1198150760001
    },
    "point_50": {
        "x": 112.06321352000015,
        "y": -749.0485165200025,
        "z": 414.5048672900001
    },
    "point_51": {
        "x": 114.78401163600012,
        "y": -728.9519982500024,
        "z": 450.68556646700006
    },
    "point_52": {
        "x": 114.33227892700012,
        "y": -728.9804106000024,
        "z": 467.9323694830001
    },
    "point_53": {
        "x": 114.98404651800013,
        "y": -734.0178483200025,
        "z": 467.6064883490001
    },
    "point_54": {
        "x": 115.1601554720001,
        "y": -731.8375065100026,
        "z": 450.5026984640001
    },
    "point_55": {
        "x": 109.36883762100018,
        "y": -710.5171538600025,
        "z": 498.1874950690001
    },
    "point_56": {
        "x": 115.2544157690001,
        "y": -756.3159055700025,
        "z": 494.63369222300014
    },
    "point_57": {
        "x": 120.23931553700015,
        "y": -770.4756906900025,
        "z": 417.1402551010001
    },
    "point_58": {
        "x": 117.07803890100013,
        "y": -749.5131398700028,
        "z": 457.41563790400016
    },
    "point_59": {
        "x": 118.9369338809791,
        "y": -783.9050757940909,
        "z": 489.155526960574
    },
    "point_60": {
        "x": 121.86137145400005,
        "y": -802.8946977000023,
        "z": 447.44413055500013
    },
    "point_61": {
        "x": 124.50293795500005,
        "y": -827.9677305000027,
        "z": 392.5279775680001
    },
    "point_62": {
        "x": 122.14804716300011,
        "y": -791.4298756100025,
        "z": 408.3493692190001
    },
    "point_63": {
        "x": 123.07000598000008,
        "y": -817.9694160800027,
        "z": 431.34805764300006
    },
    "point_64": {
        "x": 125.66506343800006,
        "y": -857.0461196200026,
        "z": 376.0979286460001
    },
    "point_65": {
        "x": 124.40168448899999,