{
    "mvms_mean_init": [
        0.8453322052955627,
        1.4593147039413452,
        0.5070800185203552,
        -0.2300028055906295,
        0.9267145991325378,
        -0.9420478940010072,
        -1.3679914474487305
    ],
    "mvms_mean_final": [
        0.8258851170539856,
        1.474496364593506,
        0.7414109706878662,
        -0.2269564121961593,
        0.6975746750831604,
        -0.9504127502441406,
        -1.3730922937393188
    ],
    "mvms_std_init": [
        0.8326990008354187,
        1.464167237281799,
        0.6307998895645142,
        -0.2343364804983139,
        0.8088119626045227,
        -0.9481655955314636,
        -1.3747996091842651
    ],
    "mvm_std_final": [
        0.9630433320999146,
        1.4673573970794678,
        -0.7862215042114258,
        -0.2389576584100723,
        -0.8224502205848694,
        0.7039739489555359,
        1.6101635694503784
    ],
    "mtc_init": [
        0.8689754009246826,
        1.44928777217865,
        0.2786824107170105,
        -0.2278279066085815,
        1.1410502195358276,
        -0.9089266657829284,
        -1.3609132766723633
    ],
    "mtc_final": [
        0.8317533135414124,
        1.4651111364364624,
        0.6424208283424377,
        -0.2312846928834915,
        0.7931138277053833,
        -0.9448517560958862,
        -1.3734034299850464
    ],
    "mjm_init": [
        0.8689754009246826,
        1.44928777217865,
        0.2786824107170105,
        -0.2278279066085815,
        1.1410502195358276,
        -0.9089266657829284,
        -1.3609132766723633
    ],
    "mjm_final": [
        0.8317533135414124,
        1.4651111364364624,
        0.6424208283424377,
        -0.2312846928834915,
        0.7931138277053833,
        -0.9448517560958862,
        -1.3734034299850464
    ]
}