{
    "mvms_mean_init": {
        "position": {
            "a1": 0.987573504447937,
            "a2": 1.487049221992493,
            "a3": -0.9348689913749696,
            "a4": -0.2370723634958267,
            "a5": -0.6613176465034485,
            "a6": 0.7524455785751343,
            "a7": 1.5524011850357056
        }
    },
    "mvms_mean_final": {
        "position": {
            "a1": 0.8335999846458435,
            "a2": 1.4596376419067385,
            "a3": 0.5964521169662476,
            "a4": -0.2385935187339782,
            "a5": 0.8223150372505188,
            "a6": -0.9426670074462892,
            "a7": -1.355232834815979
        }
    },
    "mvms_std_init": {
        "position": {
            "a1": 0.8153705596923828,
            "a2": 1.4840779304504397,
            "a3": 0.8755820989608765,
            "a4": -0.2311988919973373,
            "a5": 0.60056471824646,
            "a6": -0.9686753153800964,
            "a7": -1.4205541610717771
        }
    },
    "mvm_std_final": {
        "position": {
            "a1": 0.826878011226654,
            "a2": 1.4648404121398926,
            "a3": 0.670918345451355,
            "a4": -0.2372932285070419,
            "a5": 0.7548856735229492,
            "a6": -0.9432329535484314,
            "a7": -1.3694227933883667
        }
    },
    "mtc_init": {
        "position": {
            "a1": 0.7996509075164795,
            "a2": 1.6047887802124023,
            "a3": -1.0486235618591309,
            "a4": 0.2155245393514633,
            "a5": -0.4574581980705261,
            "a6": 0.9329679012298584,
            "a7": 1.404802322387695
        }
    },
    "mtv_final": {
        "position": {
            "a1": 0.9359568357467652,
            "a2": 1.4814441204071045,
            "a3": -1.4021281003952026,
            "a4": -0.3254280984401703,
            "a5": -0.1281685084104538,
            "a6": 0.5612919926643372,
            "a7": 1.4496289491653442
        }
    },
    "mjm_init": {
        "position": {
            "a1": 0.7996509075164795,
            "a2": 1.6047887802124023,
            "a3": -1.0486235618591309,
            "a4": 0.2155245393514633,
            "a5": -0.4574581980705261,
            "a6": 0.9329679012298584,
            "a7": 1.404802322387695
        }
    },
    "mjm_final": {
        "position": {
            "a1": 0.9359568357467652,
            "a2": 1.4814441204071045,
            "a3": -1.4021281003952026,
            "a4": -0.3254280984401703,
            "a5": -0.1281685084104538,
            "a6": 0.5612919926643372,
            "a7": 1.4496289491653442
        }
    }
}