{
    "mvms_mean_init": [
        0.987573504447937,
        1.487049221992493,
        -0.9348689913749696,
        -0.2370723634958267,
        -0.6613176465034485,
        0.7524455785751343,
        1.5524011850357056
    ],
    "mvms_mean_final": [
        0.8335999846458435,
        1.4596376419067385,
        0.5964521169662476,
        -0.2385935187339782,
        0.8223150372505188,
        -0.9426670074462892,
        -1.355232834815979
    ],
    "mvms_std_init": [
        0.8153705596923828,
        1.4840779304504397,
        0.8755820989608765,
        -0.2311988919973373,
        0.60056471824646,
        -0.9686753153800964,
        -1.4205541610717771
    ],
    "mvm_std_final": [
        0.826878011226654,
        1.4648404121398926,
        0.670918345451355,
        -0.2372932285070419,
        0.7548856735229492,
        -0.9432329535484314,
        -1.3694227933883667
    ],
    "mtc_init": [
        0.7996509075164795,
        1.6047887802124023,
        -1.0486235618591309,
        0.2155245393514633,
        -0.4574581980705261,
        0.9329679012298584,
        1.404802322387695
    ],
    "mtv_final": [
        0.9359568357467652,
        1.4814441204071045,
        -1.4021281003952026,
        -0.3254280984401703,
        -0.1281685084104538,
        0.5612919926643372,
        1.4496289491653442
    ],
    "mjm_init": [
        0.7996509075164795,
        1.6047887802124023,
        -1.0486235618591309,
        0.2155245393514633,
        -0.4574581980705261,
        0.9329679012298584,
        1.404802322387695
    ],
    "mjm_final": [
        0.9359568357467652,
        1.4814441204071045,
        -1.4021281003952026,
        -0.3254280984401703,
        -0.1281685084104538,
        0.5612919926643372,
        1.4496289491653442
    ]
}